Predictions,Labels
1.496691341616728,1.0356038808822632
1.5154543649441854,1.0356038808822632
0.5287941924257615,0.5178019404411316
0.8786497581031846,0.5178019404411316
0.26120786223495807,0.2589009702205658
0.22690294478996842,0.0
0.09697503565135546,0.0
0.2735552985254319,0.2589009702205658
4.412601102015415,5.7406487464904785
4.412433935037784,5.7406487464904785
1.911040791235064,1.4351621866226196
2.8201685174645914,4.30548620223999
0.7319689790203145,0.0
0.4927110108095025,1.4351621866226196
0.18915108011832782,0.0
0.9765274137526193,1.4351621866226196
1.3329712911414417,1.3021849393844604
1.374225260948506,1.3021849393844604
0.5102898972387382,0.6510924696922302
0.7701335606443421,0.6510924696922302
0.2604960174835025,0.3255462348461151
0.20683647294779717,0.0
0.12013516623946363,0.0
0.2488709551261259,0.3255462348461151
2.6440394233146516,1.8819202184677124
2.6200874082317553,1.8819202184677124
0.9809524527413844,0.9409601092338562
1.6532202108334937,0.9409601092338562
0.4314672327526421,0.4704800546169281
0.35368296367823504,0.0
0.1075672680245463,0.0
0.5918034204100222,0.4704800546169281
1.3685490319742473,0.8532097935676575
1.370532919072461,0.8532097935676575
0.6301431260551869,0.42660489678382874
0.7772391222177979,0.42660489678382874
0.26573501104124864,0.21330244839191437
0.263185571794339,0.0
0.11815263592593417,0.0
0.21088289063541632,0.21330244839191437
2.0602257177363934,1.751248836517334
2.091928845126179,1.751248836517334
0.7173864472002326,0.4378122091293335
1.281418475313523,1.3134366273880005
0.28338216693642515,0.0
0.37315145296570607,0.4378122091293335
0.11865286898437599,0.0
0.4023878646490058,0.4378122091293335
0.8418851008693575,0.21329839527606964
0.822204343728375,0.21329839527606964
0.5102898972387382,0.10664919763803482
0.4348537816494187,0.10664919763803482
0.2736584131048003,0.05332459881901741
0.11664190013491993,0.0
0.10240159181700914,0.0
0.08914256978637658,0.05332459881901741
1.9555381691588933,0.7073798179626465
1.9280854895370363,0.7073798179626465
0.6196993204303372,0.35368990898132324
1.1036692413893203,0.35368990898132324
0.34462521741890595,0.17684495449066162
0.2681559689652995,0.0
0.10565585329620641,0.0
0.35571016070778905,0.17684495449066162
1.1722202349916986,1.275381088256836
1.1941429582463872,1.275381088256836
0.5102898972387382,0.637690544128418
0.6476756658742229,0.637690544128418
0.260018008928534,0.318845272064209
0.16224113021866526,0.0
0.09628142684016128,0.0
0.21673567462113907,0.318845272064209
1.4029163745921134,2.2158093452453613
1.4042806711508076,2.2158093452453613
0.6049852148054904,0.5539523363113403
0.7216816934533709,1.661857008934021
0.2683324294443157,0.0
0.19269138007208242,0.5539523363113403
0.1284877363393473,0.0
0.2000194101481576,0.5539523363113403
5.040356563594173,7.034273147583008
5.0407383494953235,7.034273147583008
1.8641669380137655,3.33075213432312
2.8703436224330416,3.7035207748413086
0.6333962992497042,1.5721839666366577
0.5102898972387382,0.18638423085212708
0.07851419294679673,0.0
1.053463198248138,1.758568286895752
0.8029101440759998,0.6148099899291992
0.8007233774206703,0.6148099899291992
0.5102898972387382,0.3074049949645996
0.4276989952093504,0.3074049949645996
0.23870236728498395,0.1537024974822998
0.1394263658748396,0.0
0.10710519520426365,0.0
0.16025283243001476,0.1537024974822998
1.5544453332400021,1.1172068119049072
1.5625901019235835,1.1172068119049072
0.6648846328613478,0.5586034059524536
0.9622795375585768,0.5586034059524536
0.25206260682830917,0.2793017029762268
0.28048776342296744,0.0
0.1086434533764633,0.0
0.29751971181434733,0.2793017029762268
4.0674024954373715,4.453570365905762
4.075609373560043,4.453570365905762
1.440945341037957,2.226785182952881
2.4672029588786613,2.226785182952881
0.5785763287047327,1.1133925914764404
0.4740804494227431,0.0
0.11248286712698308,0.0
0.9344641259914731,1.1133925914764404
1.168245533896503,0.9841155409812927
1.1895882692621562,0.9841155409812927
0.5102898972387382,0.49205777049064636
0.6622006043032898,0.49205777049064636
0.2635397001741522,0.24602888524532318
0.15461996954627444,0.0
0.09907726148777463,0.0
0.2273749402708558,0.24602888524532318
0.9453110932301814,0.02710415981709957
0.9174270756402015,0.02710415981709957
0.5102898972387382,0.013058124110102654
0.39665492922657997,0.014046035706996918
0.24278672562241765,0.012548454105854034
0.09207781458781805,0.0009103256743401289
0.12550035863025322,0.01859244890511036
0.07770945728110612,0.013458780013024807
0.8411729485852552,0.4320549964904785
0.8325510657791099,0.4320549964904785
0.5102898972387382,0.21602749824523926
0.4068878070128932,0.21602749824523926
0.26530961487675997,0.10801374912261963
0.10588591943704229,0.0
0.12047123570478169,0.0
0.06129985934471027,0.10801374912261963
3.806817313964178,5.25020694732666
3.7947644514953787,5.25020694732666
1.2764698363341211,1.0921032428741455
2.488881829778029,4.158103942871094
0.3762235044682931,0.0
0.5102898972387382,1.0921032428741455
0.11194828837512238,0.8817939162254333
0.7989156209476124,1.0921032428741455
1.0013023184568914,0.7755916714668274
0.9947479748192817,0.7755916714668274
0.5102898972387382,0.3877958357334137
0.5335625161835003,0.3877958357334137
0.2799082438252898,0.19389791786670685
0.15132150473006178,0.0
0.11548168480370014,0.0
0.1571701123392184,0.19389791786670685
3.066697308853458,2.677823781967163
3.077773376407534,2.677823781967163
1.0169338234357208,1.3389118909835815
1.8318232420395846,1.3389118909835815
0.3427330854615136,0.6694559454917908
0.430835639213077,0.0
0.1032211036496391,0.0
0.6070289125839365,0.6694559454917908
3.2847244239769293,2.5536704063415527
3.2813119275669402,2.5536704063415527
1.2367370006106664,1.2768352031707764
1.7288922288598065,1.2768352031707764
0.5075285501977571,0.6384176015853882
0.3605017440662521,0.0
0.14736931340156478,0.0
0.6084997237263643,0.6384176015853882
1.3439599441243566,1.5048854351043701
1.3809655550575541,1.5048854351043701
0.5165604294167854,0.37622135877609253
0.819042025428323,1.1286640167236328
0.26091888096404303,0.0
0.2210382400961235,0.37622135877609253
0.11315584107933119,0.0
0.2683739229808746,0.37622135877609253
1.4421691785396171,0.865774929523468
1.4944496199119073,0.865774929523468
0.5872575324200633,0.10792459547519684
0.8579944674418468,0.7578503489494324
0.24409859201330586,0.0
0.2755865405811968,0.10792459547519684
0.12861776215550713,0.43407654762268066
0.26947845336619314,0.10792459547519684
2.897916883930275,1.0078198909759521
2.9045582969383554,1.0078198909759521
0.9710034803397967,0.25195497274398804
1.9455066471228268,0.7558649182319641
0.3043828371836117,0.0
0.5100024790627682,0.25195497274398804
0.11323868045305652,0.0
0.5673660854511695,0.25195497274398804
0.8542612807877008,0.552139163017273
0.8765951216952211,0.552139163017273
0.5102898972387382,0.2760695815086365
0.44296119530039335,0.2760695815086365
0.2652152383524913,0.13803479075431824
0.12714853379094326,0.0
0.11044441563847984,0.0
0.11777768603030703,0.13803479075431824
3.0692651762044223,2.682487726211548
3.072126003932336,2.682487726211548
1.0810238841425015,0.5174930095672607
1.7465215272126606,2.164994716644287
0.5173798819097595,0.0
0.36939894140089735,0.5174930095672607
0.13740966440524915,0.6125158071517944
0.6950717318090784,0.5174930095672607
0.7707544895205033,0.7725557088851929
0.7140171609465921,0.7725557088851929
0.5102898972387382,0.19313892722129822
0.3357650353951078,0.5794167518615723
0.23164481598239473,0.0
0.14900088910333897,0.19313892722129822
0.019343996526354656,0.0
0.45166920389557563,0.19313892722129822
3.9494443651462423,5.600241661071777
3.949247874330292,5.600241661071777
1.408435009751329,2.8001208305358887
2.494807118081522,2.8001208305358887
0.4908062748735402,1.4000604152679443
0.5102285062189298,0.0
0.10710779109245316,0.0
0.9258686421411262,1.4000604152679443
1.410491115680899,1.7304818630218506
1.423668232154771,1.7304818630218506
0.5402443956816283,0.43262046575546265
0.7879591055780654,1.2978613376617432
0.25609363693965403,0.0
0.24985579666547042,0.43262046575546265
0.09807529261699921,0.0
0.2509062588796538,0.43262046575546265
3.230059782267727,2.7179341316223145
3.232318017081673,2.7179341316223145
1.4361019928038694,1.3589670658111572
2.0185603822500244,1.3589670658111572
0.711319319018379,0.6794835329055786
0.37922659993505214,0.0
0.15305108043772697,0.0
0.7073152925554065,0.6794835329055786
1.881094237699366,2.0067129135131836
1.8871441010436545,2.0067129135131836
0.6983622964722667,1.0033564567565918
1.1286862267061362,1.0033564567565918
0.2695586112857078,0.5016782283782959
0.2952482748236558,0.0
0.11492619548118932,0.0
0.34347010021928237,0.5016782283782959
1.6319087167006756,0.8909167051315308
1.630926970945295,0.8909167051315308
0.6076216921750006,0.4454583525657654
0.8907552334263517,0.4454583525657654
0.28926273797054725,0.2227291762828827
0.22971875042190049,0.0
0.12546213763378278,0.0
0.2197696009544885,0.2227291762828827
2.521049405463277,0.8496283292770386
2.5140663053443646,0.8496283292770386
0.835957172638958,0.21240708231925964
1.5094727760078435,0.6372212171554565
0.3216614072265369,0.0
0.4148734289703675,0.21240708231925964
0.10400076011051462,0.0
0.46622993538847246,0.21240708231925964
2.427930762783935,0.17488639056682587
2.410171196324989,0.17488639056682587
1.0115105388618217,0.01755375973880291
1.5391217215875177,0.1573326289653778
0.49695812595733635,0.0
0.33878073195246583,0.01755375973880291
0.11686756883895622,0.10467135161161423
0.5538908489342833,0.01755375973880291
2.2888723081037723,1.8109935522079468
2.285317937101219,1.8109935522079468
0.8614477060452134,0.9054967761039734
1.2961344018479923,0.9054967761039734
0.3632907898685567,0.4527483880519867
0.273573892717474,0.0
0.16318015429575006,0.0
0.3866473265997985,0.4527483880519867
1.7752144001435552,0.9932776689529419
1.779059786672061,0.9932776689529419
0.6412091505504958,0.49663883447647095
0.9866617955339554,0.49663883447647095
0.3038251631485531,0.24831941723823547
0.22044536301405016,0.0
0.13833928657821226,0.0
0.2687681869821239,0.24831941723823547
1.8393423644683617,1.483251929283142
1.852581774254642,1.483251929283142
0.6669983793576981,0.5586032271385193
1.1590426137790104,0.9246487021446228
0.26252641261022225,0.18779022991657257
0.3361433792475157,0.18302273750305176
0.1104809572028933,0.0
0.35255699345306857,0.3708129823207855
1.2510701033047515,0.5881657600402832
1.2882088672805794,0.5881657600402832
0.766604529797657,0.19533105194568634
0.4177969822023988,0.39283469319343567
0.1585812167603864,0.04828961566090584
0.08750807267895766,0.09875182062387466
0.1441973901229563,0.0
0.24037822704028455,0.1470414400100708
1.4171035875873792,1.3877629041671753
1.4534842838574293,1.3877629041671753
0.593602710889602,0.4884474277496338
0.9342172280562644,0.8993155360221863
0.24261476101186674,0.14150668680667877
0.2908577451841714,0.20543405413627625
0.1136502366602048,0.0
0.3040241959618233,0.3469407260417938
3.9156096929213158,3.8358001708984375
3.916595971632344,3.8358001708984375
1.6205744752033393,0.9589500427246094
2.301928912759832,2.876850128173828
0.7971123314968344,0.0
0.4108924812694146,0.9589500427246094
0.15397575527498097,0.0
0.8400460197492101,0.9589500427246094
2.951702725123334,3.49220871925354
2.9478145638417566,3.49220871925354
1.3171020570302021,0.873052179813385
1.8218888643434452,2.6191565990448
0.5351608779917003,0.0
0.3707923277648122,0.873052179813385
0.14669677260192504,0.0
0.633185177067763,0.873052179813385
1.3566790258243837,0.7182934880256653
1.3642706099584738,0.7182934880256653
0.6460746258777135,0.35914674401283264
0.818548191119046,0.35914674401283264
0.2509410589671226,0.17957337200641632
0.27171345368118005,0.0
0.112181020644891,0.0
0.23950834166098445,0.17957337200641632
5.272904341524166,4.71012544631958
5.285563148493822,4.71012544631958
1.782920148847095,1.0174988508224487
2.631383102318815,3.692626714706421
0.7158904243934391,0.0
0.5102898972387382,1.0174988508224487
0.08617495008456877,0.6401299834251404
1.0059861818872817,1.0174988508224487
1.8367824488238673,1.7984963655471802
1.837434571909414,1.7984963655471802
0.6561355713157424,0.8992481827735901
1.0430683087076842,0.8992481827735901
0.2873730305159439,0.44962409138679504
0.27019408646407417,0.0
0.12809255262815022,0.0
0.28716906091846695,0.44962409138679504
1.6861300115380293,1.3493061065673828
1.7162509433391862,1.3493061065673828
0.6703390564046188,0.6746530532836914
1.0171874851702487,0.6746530532836914
0.3144942354802749,0.3373265266418457
0.2639176643326906,0.0
0.11912627510805551,0.0
0.3478338903511342,0.3373265266418457
0.8275326101982794,1.201513648033142
0.8561003012275482,1.201513648033142
0.5102898972387382,0.030759382992982864
0.44870227443941624,1.170754313468933
0.20701999553970563,0.0
0.0690967463150125,0.030759382992982864
0.11142342380345593,1.0784761905670166
0.09805618355662715,0.030759382992982864
1.2909563096043006,1.6097939014434814
1.3487367956098621,1.6097939014434814
0.6563369725859529,0.8048969507217407
0.5466228109574505,0.8048969507217407
0.24424194615062622,0.40244847536087036
0.15754951024155583,0.0
0.12473048489042027,0.0
0.19506504938217017,0.40244847536087036
3.036634272425293,4.070164680480957
3.078647331352548,4.070164680480957
1.1599520339653475,1.724692940711975
1.9007967474768666,2.3454718589782715
0.4719644932974143,0.7071517109870911
0.3985063857052893,0.3103894889354706
0.12297112078955275,0.0
0.7000694725572687,1.0175411701202393
1.9895262351589016,1.9414945840835571
1.9913881758524328,1.9414945840835571
0.7575551870738951,0.9707472920417786
1.1210067406739719,0.9707472920417786
0.33741664016241146,0.4853736460208893
0.2358333750623085,0.0
0.1400433898745086,0.0
0.3670093561567265,0.4853736460208893
1.3345326827481494,0.8466160893440247
1.33587143525894,0.8466160893440247
0.6341257421483864,0.42330804467201233
0.785856250292493,0.42330804467201233
0.25898993739458387,0.21165402233600616
0.2684624338494668,0.0
0.11673956520805495,0.0
0.2178557375773582,0.21165402233600616
3.2075496102807044,3.8020384311676025
3.206565816650914,3.8020384311676025
1.2011699604668384,1.9010192155838013
1.7020654024089572,1.9010192155838013
0.47256021147763705,0.9505096077919006
0.373600487652445,0.0
0.13680878988619005,0.0
0.5909544600304832,0.9505096077919006
1.4732716351396051,1.3174256086349487
1.5131228421574612,1.3174256086349487
0.5299489127497556,0.3293564021587372
0.7961703229690269,0.9880692362785339
0.2381826822214692,0.0
0.17298248028332375,0.3293564021587372
0.12553174190853222,0.0
0.2719912329835885,0.3293564021587372
1.374304124958577,1.9768507480621338
1.376588923789348,1.9768507480621338
0.5727973088106613,0.49421268701553345
0.7538548564850662,1.4826380014419556
0.28237205285797184,0.0
0.190424750522872,0.49421268701553345
0.1248198486468659,0.0
0.18942171745721192,0.49421268701553345
1.7709554128942557,1.4890722036361694
1.7972905243810198,1.4890722036361694
0.6134067120679663,0.7445361018180847
1.0635496626692689,0.7445361018180847
0.31187488330640134,0.37226805090904236
0.25782078454890645,0.0
0.10925589811490322,0.0
0.3602464475727216,0.37226805090904236
3.029134596178822,0.7639920711517334
3.0372335259772787,0.7639920711517334
1.0275623835211105,0.18069884181022644
2.087453752193911,0.5832931995391846
0.31025312225855695,0.0
0.5102898972387382,0.18069884181022644
0.10760008619337191,0.04119670391082764
0.6183233119396241,0.18069884181022644
2.1318219197780928,0.3283712565898895
2.132097455400157,0.3283712565898895
0.7343436733077798,0.014759890735149384
1.1969986138863884,0.31361138820648193
0.31023674556847114,0.0
0.2663728328439705,0.014759890735149384
0.13905309400862165,0.269331693649292
0.35250255657580865,0.014759890735149384
1.4429002558389001,1.27409029006958
1.4665388411056197,1.27409029006958
0.5343138690082503,0.318522572517395
0.8213482099707226,0.9555677771568298
0.2864098959919692,0.0
0.19651789172830614,0.318522572517395
0.11828862069684587,0.0
0.28112444838064965,0.318522572517395
1.003408543721688,2.3074593544006348
1.003411942799272,2.3074593544006348
0.5721139583659358,1.1537296772003174
0.5719830634815337,1.1537296772003174
0.2556152740095432,0.5768648386001587
0.19095868026096596,0.0
0.12157484926984385,0.0
0.13693937494618846,0.5768648386001587
3.568220177706563,3.879328489303589
3.5791077269564635,3.879328489303589
1.2176847220372025,1.9396642446517944
2.0802301289181897,1.9396642446517944
0.45154360653043746,0.9698321223258972
0.4433377839515249,0.0
0.10898462275678722,0.0
0.766679871860039,0.9698321223258972
0.9564010856469775,1.098181128501892
0.9288054861446048,1.098181128501892
0.5102898972387382,0.549090564250946
0.5481793335263061,0.549090564250946
0.29140937912514486,0.274545282125473
0.135599482554416,0.0
0.1260572525350112,0.0
0.17223472228073766,0.274545282125473
1.5764236736572974,1.7607420682907104
1.5678258908748897,1.7607420682907104
0.6066237746006993,0.8803710341453552
0.9087160344075451,0.8803710341453552
0.27453069814925524,0.4401855170726776
0.2795922736422525,0.0
0.1008789069092122,0.0
0.301446407170074,0.4401855170726776
1.5227866473101874,0.9375715851783752
1.5736524390213644,0.9375715851783752
0.632548448354247,0.17070679366588593
0.950364591361149,0.7668647766113281
0.24010923504427795,0.0
0.29443176709432706,0.17070679366588593
0.1282205859712342,0.25474444031715393
0.3051497996420509,0.17070679366588593
2.6732728475548653,1.081933856010437
2.664503469168484,1.081933856010437
0.9861232690308893,0.5409669280052185
1.358318396039459,0.5409669280052185
0.4690495949232312,0.27048346400260925
0.31349475202304444,0.0
0.12403944947234224,0.0
0.4842783767017462,0.27048346400260925
3.456907929971831,2.659722089767456
3.4820102271260307,2.659722089767456
1.2289944612181096,0.664930522441864
2.2583460165288107,1.9947915077209473
0.3865485027458977,0.0
0.5102898972387382,0.664930522441864
0.10102227604039449,0.0
0.7591856538971377,0.664930522441864
3.095973472633719,2.919447898864746
3.0769677394823347,2.919447898864746
1.0686891658563193,0.7298619747161865
1.8892591481736238,2.1895859241485596
0.4205482080550451,0.0
0.4103892603388839,0.7298619747161865
0.10532310066030326,0.0
0.6641846020533908,0.7298619747161865
1.830140545976147,2.787571430206299
1.829283423192143,2.787571430206299
0.655065465150604,1.3937857151031494
1.0126413496682942,1.3937857151031494
0.302881717913811,0.6968928575515747
0.22510630197381176,0.0
0.13721578946278146,0.0
0.2888015202040557,0.6968928575515747
4.921050928642619,1.0899688005447388
4.931510833206423,1.0899688005447388
1.5366395789786034,0.2724922001361847
2.8134524663385845,0.8174765706062317
0.6826277733311243,0.0
0.5102898972387382,0.2724922001361847
0.1159257800808755,0.0
1.0175010440124543,0.2724922001361847
6.254030266405087,6.511722087860107
6.256521072463999,6.511722087860107
2.233219902173344,1.6279305219650269
3.7062348247128525,4.883791446685791
0.8334339971585398,0.0
0.5102898972387382,1.6279305219650269
0.18349861781650478,0.0
1.2251460243095749,1.6279305219650269
2.074330733728389,1.7377979755401611
2.0797867440848714,1.7377979755401611
0.8678394671502444,0.8688989877700806
1.1689231014478014,0.8688989877700806
0.38582858758787975,0.4344494938850403
0.24501733342491905,0.0
0.15738561103190918,0.0
0.3776110338960499,0.4344494938850403
1.9490017299192404,0.23026618361473083
1.9424631218244288,0.23026618361473083
0.6358572986341462,0.023991784080863
1.1020097701347207,0.20627440512180328
0.2984913051443894,0.0
0.30450825185719244,0.023991784080863
0.10708124598627822,0.13429903984069824
0.3448056202811587,0.023991784080863
1.2227803790102736,0.749934732913971
1.2281590684804453,0.749934732913971
0.6284437891446626,0.3749673664569855
0.7294290499322639,0.3749673664569855
0.24423555909691674,0.18748368322849274
0.2605236622333227,0.0
0.11703757562814165,0.0
0.20009595834929517,0.18748368322849274
3.306619349050665,3.8784797191619873
3.337081657277743,3.8784797191619873
1.1880432729404458,1.9392398595809937
2.1148439084176243,1.9392398595809937
0.413781317577931,0.9696199297904968
0.47171592755024205,0.0
0.10381271220460242,0.0
0.7455468718205226,0.9696199297904968
5.2932869708215255,7.008072376251221
5.2932523612084434,7.008072376251221
2.007964629879492,3.5040361881256104
3.326267316388077,3.5040361881256104
0.7855069167886403,1.7520180940628052
0.5102898972387382,0.0
0.19364845770665773,0.0
1.141799063504377,1.7520180940628052
1.8793089208140141,2.244394540786743
1.8787083738102737,2.244394540786743
0.730927318118374,1.1221972703933716
1.0914490213663037,1.1221972703933716
0.31543566220429464,0.5610986351966858
0.24309804545567326,0.0
0.1531375460028661,0.0
0.28695100546330043,0.5610986351966858
3.637800021861619,3.194345474243164
3.6460146383326455,3.194345474243164
1.2593156700476813,1.597172737121582
2.0974005936997413,1.597172737121582
0.44990209942706816,0.798586368560791
0.4591967993178958,0.0
0.11099249604834527,0.0
0.75738946918142,0.798586368560791
1.2216497254108902,1.6644091606140137
1.2470434919840365,1.6644091606140137
0.788743281351133,0.7197012901306152
0.4692537202239013,0.9447079300880432
0.13957779495599754,0.3035989999771118
0.09679119117551349,0.11250331252813339
0.09346918791048608,0.0
0.23509206122163606,0.4161022901535034
1.2680941717610577,1.1915713548660278
1.3041992129725193,1.1915713548660278
0.5102898972387382,0.5957856774330139
0.7799857115749625,0.5957856774330139
0.2583888362836464,0.29789283871650696
0.2294838581846239,0.0
0.11181913316412695,0.0
0.24550887483393913,0.29789283871650696
3.515278766608663,3.881200075149536
3.514885591686035,3.881200075149536
1.2691486867777326,1.940600037574768
1.9641355814907213,1.940600037574768
0.4567316233819487,0.970300018787384
0.4430400387493123,0.0
0.11979451709256872,0.0
0.6938918735282593,0.970300018787384
3.129292970860946,2.0367066860198975
3.1308308300021017,2.0367066860198975
1.1699142803970402,1.0183533430099487
1.6355132474291547,1.0183533430099487
0.4759916904102375,0.5091766715049744
0.35854113082811856,0.0
0.13110218087594405,0.0
0.5880319306726467,0.5091766715049744
4.185160641821035,7.3187713623046875
4.181289842119336,7.3187713623046875
1.4823606702390322,1.851662039756775
2.593315066452792,5.467109203338623
0.4487608261078433,0.5471749901771545
0.5102898972387382,0.7573120594024658
0.06999739990337184,2.100823163986206
0.9415370305490568,1.3044869899749756
3.980519761930927,1.1417350769042969
3.9929830513935594,1.1417350769042969
1.3439823230584722,0.2854337692260742
2.493889529875142,0.8563013076782227
0.4220637282441728,0.0
0.5102898972387382,0.2854337692260742
0.10925092139990822,0.0
0.9043229458131402,0.2854337692260742
3.517505974775188,3.7022411823272705
3.5180136718349724,3.7022411823272705
1.2495810926347617,0.9255602955818176
1.9347146693478452,2.7766809463500977
0.47423577183238264,0.0
0.42817493041246313,0.9255602955818176
0.11588170045003987,0.0
0.7084527987338083,0.9255602955818176
1.0754587583155208,1.3428868055343628
1.1040689445884109,1.3428868055343628
0.5102898972387382,0.6714434027671814
0.7313833899899517,0.6714434027671814
0.2780442287507807,0.3357217013835907
0.17654337756770166,0.0
0.1302433083107073,0.0
0.24345204986875202,0.3357217013835907
1.3373047851124942,0.6366457939147949
1.3511834468844832,0.6366457939147949
0.6038968907408873,0.0844181701540947
0.7880743220115953,0.5522276163101196
0.25133292277318375,0.0
0.26408769586375014,0.0844181701540947
0.10302270667344171,0.29897308349609375
0.24834424688565626,0.0844181701540947
2.871909316866877,3.8169848918914795
2.8540279166741884,3.8169848918914795
1.047066351650762,1.8620052337646484
1.7378426682656376,1.954979658126831
0.4264604081683252,0.9077589511871338
0.35200373413860686,0.0464872382581234
0.14199145640515698,0.0
0.6911930626207256,0.9542462229728699
1.1698043409454248,0.2146988958120346
1.154361010414692,0.2146988958120346
0.5285439827759315,0.07226497679948807
0.6322240005439288,0.14243391156196594
0.269716704487168,0.018590256571769714
0.24403299779071985,0.03508446738123894
0.11036955732089182,0.0
0.1896955833717744,0.05367472395300865
3.8020726748173916,3.7730960845947266
3.7875621979913063,3.7730960845947266
1.4821251443036352,0.9432740211486816
2.322952839018303,2.829822063446045
0.6344454958454757,0.0
0.447400139197357,0.9432740211486816
0.10700884618990725,0.0
0.8890627885554141,0.9432740211486816
4.0473822134169195,5.172580242156982
4.076257223473236,5.172580242156982
1.400681677472007,0.7546364665031433
2.6624779316084353,4.417943477630615
0.4935978607059939,0.0
0.5102898972387382,0.7546364665031433
0.101828323663121,2.154034376144409
0.9056934502956719,0.7546364665031433
0.8771875286130418,0.4577825665473938
0.8786430265276812,0.4577825665473938
0.5367881935218526,0.11444564163684845
0.529976715119822,0.34333693981170654
0.27945909392799884,0.0
0.22048420729724727,0.11444564163684845
0.11912934615245718,0.0
0.16228558891464684,0.11444564163684845
4.5348226665975115,3.0096476078033447
4.534031257081822,3.0096476078033447
1.665143762951675,1.4010299444198608
3.0044829971459466,1.6086176633834839
0.5132623595248538,0.6486180424690247
0.5102898972387382,0.10379385948181152
0.1284699219051475,0.0
1.0725779854672708,0.7524119019508362
1.447170246518243,2.0438029766082764
1.4437454073760052,2.0438029766082764
0.6322912867655694,1.0219014883041382
0.8388911474614567,1.0219014883041382
0.27694626836672254,0.5109507441520691
0.2182661062678959,0.0
0.13739574304209667,0.0
0.18356690438884193,0.5109507441520691
2.592504819957566,2.8665249347686768
2.628897940585075,2.8665249347686768
0.9273896451108005,1.4332624673843384
1.7177441919507475,1.4332624673843384
0.2892526886076112,0.7166312336921692
0.4823979501604372,0.0
0.11026749927904689,0.0
0.5285885619366937,0.7166312336921692
3.7517999812345226,4.188085556030273
3.75271082345267,4.188085556030273
1.674638683653022,2.0940427780151367
2.3260838801461947,2.0940427780151367
0.6599717302167691,1.0470213890075684
0.4062682326320861,0.0
0.17957998982662238,0.0
0.782729570288539,1.0470213890075684
2.881270287559907,2.578277587890625
2.898329608116314,2.578277587890625
1.037339022841461,0.6445693969726562
1.7167824436060894,1.9337081909179688
0.41495743911846694,0.0
0.3680448234975815,0.6445693969726562
0.11200551015323734,0.0
0.613795878136657,0.6445693969726562
3.474566902703662,4.088891983032227
3.4756723730831975,4.088891983032227
1.171782508483432,1.5997778177261353
2.293082052624204,2.4891140460968018
0.3496124588072145,0.5775548219680786
0.5102898972387382,0.444668173789978
0.11326926800109205,0.0
0.7144540273045288,1.0222229957580566
2.350645620742595,2.821671485900879
2.3524207658126683,2.821671485900879
0.8388910355466275,1.4108357429504395
1.3078574261568512,1.4108357429504395
0.35026600618029824,0.7054178714752197
0.2742892188005819,0.0
0.15382417396890724,0.0
0.4095336196652526,0.7054178714752197
2.457395905318959,1.7601348161697388
2.4564450040265267,1.7601348161697388
1.1261238533324913,0.8800674080848694
1.4363123590310725,0.8800674080848694
0.46732989491425303,0.4400337040424347
0.3001297283116213,0.0
0.1568555420278801,0.0
0.4799734654754402,0.4400337040424347
2.438273176598586,2.391188621520996
2.411920494323877,2.391188621520996
1.0766432575552347,0.6554234027862549
1.5932000540346034,1.7357652187347412
0.5428609146924406,0.05762626230716705
0.3531242305200124,0.5401709079742432
0.12023683982556288,0.0
0.5665467718670405,0.597797155380249
2.0733484025984863,0.4465367794036865
2.047123921322021,0.4465367794036865
0.7043526061694336,0.22326838970184326
1.2127893586980572,0.22326838970184326
0.33438199423641124,0.11163419485092163
0.29326397054461983,0.0
0.12799508079116095,0.0
0.4479142306135464,0.11163419485092163
3.9503906607597727,6.11336088180542
3.950411334035456,6.11336088180542
1.3848165820310323,2.069228410720825
2.581061866783446,4.044132232666016
0.3897881537705199,0.5408883094787598
0.5102898972387382,0.9874518513679504
0.11037139802081142,0.0
0.8838524155338835,1.528340220451355
2.7108605535267714,3.858389377593994
2.744129181122691,3.858389377593994
1.146149457744111,1.8692437410354614
1.7523626190174795,1.9891457557678223
0.47968496614678013,0.9046463966369629
0.3619234938153024,0.05995097756385803
0.11389896469727123,0.0
0.6725288339852931,0.9645973443984985
3.3864854054526177,2.807638168334961
3.3989184555146057,2.807638168334961
1.3321693237424792,0.7019095420837402
2.019434040788436,2.1057286262512207
0.5518702292631759,0.0
0.39430972776158724,0.7019095420837402
0.12948887627090921,0.0
0.7537591332930151,0.7019095420837402
6.410439030168986,6.495969772338867
6.411025533336561,6.495969772338867
2.1420880414234404,1.6239924430847168
3.8691646129036217,4.87197732925415
0.8731531450943111,0.0
0.5102898972387382,1.6239924430847168
0.19938058845476903,0.0
1.2314775792480241,1.6239924430847168
3.0699171307603894,3.64553165435791
3.054387068715476,3.64553165435791
1.055584468695335,0.9113829135894775
1.882326809531102,2.7341487407684326
0.40959936964018406,0.0
0.4071817725524369,0.9113829135894775
0.10543149050146772,0.0
0.6562729243072305,0.9113829135894775
2.586438270909419,2.4090521335601807
2.61356012439113,2.4090521335601807
1.0112250274143497,1.2045260667800903
1.63167481445567,1.2045260667800903
0.419374388937789,0.6022630333900452
0.3542344442553049,0.0
0.10534322161943277,0.0
0.6065725352025024,0.6022630333900452
2.416263149170134,1.1601992845535278
2.4259762585776374,1.1601992845535278
0.7971799668250571,0.29004982113838196
1.5013199113879443,0.8701494932174683
0.30188873027838703,0.0
0.40914069069305614,0.29004982113838196
0.10524206695997851,0.0
0.4630529425727814,0.29004982113838196
2.054898906880575,2.919506549835205
2.0898648594221467,2.919506549835205
0.7218219298810153,0.7298766374588013
1.268900377819959,2.1896300315856934
0.27455943572119046,0.0
0.36639427465011853,0.7298766374588013
0.12067909961107293,0.0
0.3986471563479994,0.7298766374588013
2.5488902597955074,3.283221483230591
2.55750584448844,3.283221483230591
1.1866486039805162,1.6416107416152954
1.665657340146159,1.6416107416152954
0.45097758649339537,0.8208053708076477
0.28965987191742837,0.0
0.15876342110310104,0.0
0.5489097746225617,0.8208053708076477
1.8567472258476332,1.6836622953414917
1.8744511876131829,1.6836622953414917
0.6173891590658731,0.8418311476707458
1.0579917977187188,0.8418311476707458
0.2774945242633724,0.4209155738353729
0.2734574314383824,0.0
0.1077051869582426,0.0
0.3344841455550709,0.4209155738353729
3.657887117014652,1.915196180343628
3.6672394228326324,1.915196180343628
1.4192237114718158,0.957598090171814
2.012600230585971,0.957598090171814
0.5824550145260574,0.478799045085907
0.3908473628452527,0.0
0.15278396197273447,0.0
0.723216596839837,0.478799045085907
2.7720695637980017,1.3577255010604858
2.7881664095159207,1.3577255010604858
0.9496002039375584,0.6788627505302429
1.5689401498172393,0.6788627505302429
0.354633525774106,0.33943137526512146
0.3775719998737941,0.0
0.10799403382989436,0.0
0.5170197299486374,0.33943137526512146
3.5349761311072987,4.082951068878174
3.533442298217776,4.082951068878174
1.3851113980613885,2.041475534439087
1.923660965485954,2.041475534439087
0.5761500757262283,1.0207377672195435
0.36620624469259155,0.0
0.16298497936011813,0.0
0.6802842734736521,1.0207377672195435
2.1408405697356665,1.3794833421707153
2.119280384947033,1.3794833421707153
0.7982992190796874,0.6897416710853577
1.23703489700806,0.6897416710853577
0.38366052824504004,0.34487083554267883
0.30648516456799246,0.0
0.11756794439332241,0.0
0.4114977878742203,0.34487083554267883
1.5353776366661471,1.2939025163650513
1.556890957495261,1.2939025163650513
0.5967089913609149,0.3234756290912628
0.9431973118057101,0.9704268574714661
0.2565076941255595,0.0
0.25892861879550755,0.3234756290912628
0.10266235853227879,0.0
0.31171136841032365,0.3234756290912628
1.2574811958022551,0.6912980079650879
1.2558173991306516,0.6912980079650879
0.6180960361312318,0.34564900398254395
0.7289004931927746,0.34564900398254395
0.26494178163982607,0.17282450199127197
0.2607457556105379,0.0
0.11952292837566092,0.0
0.19604492126206963,0.17282450199127197
3.045246868404482,1.472254991531372
3.0349645613286835,1.472254991531372
1.3751216315001782,0.736127495765686
1.7780208700438875,0.736127495765686
0.5361650808717378,0.368063747882843
0.2886452117415268,0.0
0.18817712768020267,0.0
0.5660478819871619,0.368063747882843
2.460748728198155,3.1837801933288574
2.4860078919629274,3.1837801933288574
0.8956906153986928,0.3354546129703522
1.6529997540440116,2.848325729370117
0.3079752134048066,0.0
0.5102898972387382,0.3354546129703522
0.12747952477475355,1.8419618606567383
0.4776592504777055,0.3354546129703522
2.858551174536691,2.9152703285217285
2.878764046611089,2.9152703285217285
0.950443235116813,0.3434353768825531
1.7237872228202165,2.5718350410461426
0.33128001002718066,0.0
0.4402756496080391,0.3434353768825531
0.11369531864336624,1.5415289402008057
0.5539983111257349,0.3434353768825531
2.126960510924442,2.866870403289795
2.093174651782488,2.866870403289795
0.7615963559196388,1.4334352016448975
1.2015310602217777,1.4334352016448975
0.35245654934075277,0.7167176008224487
0.33078837272702466,0.0
0.22401785641716665,0.0
0.4744120294116685,0.7167176008224487
4.953909379269014,4.076216697692871
4.953587701120454,4.076216697692871
1.8347943113719334,2.0381083488464355
3.125853325859096,2.0381083488464355
0.6958110856099288,1.0190541744232178
0.5074226137984041,0.0
0.16489376815418888,0.0
1.0958289895265008,1.0190541744232178
1.2795844738948126,0.7415110468864441
1.2448686728624123,0.7415110468864441
0.5102898972387382,0.1353665292263031
0.5628711971746352,0.6061444878578186
0.28530735485289727,0.0
0.19234424575233278,0.1353665292263031
-0.043704018773940145,0.2000448852777481
0.30320514007774,0.1353665292263031
5.086749483908221,6.659481525421143
5.0875125689457885,6.659481525421143
1.8406561095891143,2.785449743270874
3.3164107787134895,3.8740320205688477
0.594037109335245,1.1205792427062988
0.5102898972387382,0.5442911386489868
0.14001853533255249,0.0
1.17593019095207,1.6648703813552856
1.9790324529549856,0.9558045864105225
2.025919223707206,0.9558045864105225
0.8045821389897674,0.22140923142433167
1.323421436196528,0.7343953847885132
0.267849258455493,0.0
0.43752744504849206,0.22140923142433167
0.12578599395734935,0.07016768306493759
0.39988873518434254,0.22140923142433167
4.644981610843406,4.109564781188965
4.654525070298681,4.109564781188965
1.7235214353972779,1.0998122692108154
2.6358565166140693,3.0097527503967285
0.8811734914105502,0.07242099195718765
0.44479621026931726,0.9549702405929565
0.13662850295078144,0.0
0.9605467140360369,1.0273911952972412
3.810798315994846,3.06447434425354
3.808437340309008,3.06447434425354
1.4256363049223448,1.53223717212677
2.1530403080868794,1.53223717212677
0.527466257630008,0.766118586063385
0.44421286741015775,0.0
0.1354608100134178,0.0
0.7701447440536286,0.766118586063385
4.396704355939342,7.3745198249816895
4.396791925410649,7.3745198249816895
1.6287866511307383,2.4622933864593506
2.9109360232406942,4.91222620010376
0.5039839661675622,0.618663489818573
0.5102898972387382,1.2249664068222046
0.12846170819585168,0.0
1.0358820662191337,1.8436299562454224
1.4888956807079774,0.3965166509151459
1.4891587056402151,0.3965166509151459
0.6081308215262993,0.19825832545757294
0.822127793468982,0.19825832545757294
0.27439330355245595,0.09912916272878647
0.2496501283477004,0.0
0.11625434421128666,0.0
0.21896922706322797,0.09912916272878647
1.9179348156419107,2.275691032409668
1.9794331583976892,2.275691032409668
0.6653947539655154,1.137845516204834
1.1568418325717047,1.137845516204834
0.2751169998250995,0.568922758102417
0.22483593714012318,0.0
0.17608875503629706,0.0
0.40868486249474345,0.568922758102417
1.2529774194335375,0.8888669610023499
1.2522358664676292,0.8888669610023499
0.5367255455416973,0.4444334805011749
0.6267674240614074,0.4444334805011749
0.26618412476494213,0.22221674025058746
0.18080612071122948,0.0
0.1201370414952867,0.0
0.17828216949991638,0.22221674025058746
2.1106869330432296,2.0567712783813477
2.1108360977891114,2.0567712783813477
0.7336785786955661,1.0283856391906738
1.1692176032943908,1.0283856391906738
0.3110000071753538,0.5141928195953369
0.25255196826261717,0.0
0.13764527074312816,0.0
0.36086799074761333,0.5141928195953369
1.7953647045634142,1.8869948387145996
1.8024651759364294,1.8869948387145996
0.6925001711933957,0.5923491716384888
1.0996382793201431,1.2946456670761108
0.26846141325873707,0.12060046941041946
0.30905584112155315,0.35114824771881104
0.1035739256453383,0.0
0.35013767913645255,0.4717487096786499
0.9614626569238011,0.6972891092300415
0.9943649851789903,0.6972891092300415
0.5102898972387382,0.34864455461502075
0.37455778449062005,0.34864455461502075
0.20725069672658059,0.17432227730751038
0.07161292242194328,0.0
0.1544797380898315,0.0
0.13489543273002091,0.17432227730751038
3.824052398273552,4.333863258361816
3.841861420535107,4.333863258361816
1.3492473237924956,1.083465814590454
2.6302406002736913,3.2503974437713623
0.3793107838711931,0.0
0.5102898972387382,1.083465814590454
0.09814769449993976,0.0
0.8584571131012658,1.083465814590454
2.354901169251545,1.8405449390411377
2.409649711543632,1.8405449390411377
0.9624850078304982,0.4601362347602844
1.5780267244177932,1.3804086446762085
0.25867996287008443,0.0
0.48054471011313793,0.4601362347602844
0.11356462979602244,0.0
0.46686737455639293,0.4601362347602844
1.4788180095218584,1.8986486196517944
1.4472675435658222,1.8986486196517944
0.583571404857214,0.5703243017196655
0.8650637783128766,1.328324317932129
0.3338166537492311,0.09566214680671692
0.205320226059158,0.3790000081062317
0.1359283400704976,0.0
0.31523416630807466,0.4746621549129486
2.3834463464212794,2.9701459407806396
2.350822373610928,2.9701459407806396
0.8633284586183986,1.4850729703903198
1.700524555292837,1.4850729703903198
0.3493508703327639,0.7425364851951599
0.35429410193532607,0.0
0.09605094839141115,0.0
0.5441939728571987,0.7425364851951599
3.483255225702307,3.435838460922241
3.494016523261865,3.435838460922241
1.22910115955903,1.6551541090011597
1.95921335898687,1.7806843519210815
0.44443508129342435,0.7961944937705994
0.4449777846065577,0.06276509165763855
0.11517002035549173,0.0
0.6903161829474899,0.8589596152305603
0.974456385471735,0.1192132830619812
0.9410476895468167,0.1192132830619812
0.5102898972387382,0.0596066415309906
0.4488249755420719,0.0596066415309906
0.235470569049538,0.0298033207654953
0.1821140825015577,0.0
-0.011584730059868376,0.0
0.17699519261894903,0.0298033207654953
4.651864448096523,4.000670909881592
4.651486900952243,4.000670909881592
1.6767045690291216,1.000167727470398
2.926261029212955,3.0005030632019043
0.5887451532262038,0.0
0.5102898972387382,1.000167727470398
0.13836255408226483,0.0
1.0633022809782149,1.000167727470398
2.385842731854829,3.385155200958252
2.4214750881137173,3.385155200958252
1.0500255561055067,0.846288800239563
1.6455673441399414,2.5388662815093994
0.4185364336258206,0.0
0.36535916170950644,0.846288800239563
0.2388536600201019,0.0
0.5822180801491674,0.846288800239563
0.8210377474482481,0.22985312342643738
0.8225193582828564,0.22985312342643738
0.5102898972387382,0.2634410858154297
0.43961133730279744,0.06487398594617844
0.2755191852985712,0.12821654975414276
0.12308897045427014,0.007007976062595844
0.11497865699353538,0.005076268687844276
0.09988269292443075,0.13522452116012573
1.3701805711799102,0.828545868396759
1.3850731225387225,0.828545868396759
0.6032730176395384,0.4142729341983795
0.8311580949437442,0.4142729341983795
0.24519590462555962,0.20713646709918976
0.2570199429697879,0.0
0.10446762620342742,0.0
0.26443153545570364,0.20713646709918976
0.8962892525802929,1.5191597938537598
0.954069291833291,1.5191597938537598
0.5102898972387382,0.7595798969268799
0.33953507975016906,0.7595798969268799
0.29328006550980557,0.37978994846343994
0.09609045260294136,0.0
0.0011397642784849449,0.0
0.2743632815317023,0.37978994846343994
1.6076229269180127,2.112605333328247
1.6696591603604123,2.112605333328247
0.7984153902774087,1.0563026666641235
0.9426053830026071,1.0563026666641235
0.21814430543849062,0.5281513333320618
0.29700426431733096,0.0
0.12448698238757228,0.0
0.3141039026354959,0.5281513333320618
0.7803043431647406,0.391893208026886
0.8005720100509296,0.391893208026886
0.5102898972387382,0.195946604013443
0.42547000038303295,0.195946604013443
0.2696988238289164,0.0979733020067215
0.13429005978681618,0.0
0.09306207404374933,0.0
0.11114980588584822,0.0979733020067215
3.4584769276353287,1.9194056987762451
3.458223320593378,1.9194056987762451
1.1767467901087278,0.4798514246940613
2.322774360081024,1.4395543336868286
0.3189661706016611,0.0
0.5102898972387382,0.4798514246940613
0.1058413325133356,0.0
0.7219620148455694,0.4798514246940613
2.7404750984151605,3.1568024158477783
2.7565297701751676,3.1568024158477783
0.9911445628953971,0.7892006039619446
1.6774063228773868,2.3676018714904785
0.36787038194094546,0.0
0.37761532437826784,0.7892006039619446
0.10248765711787988,0.0
0.6033474019683467,0.7892006039619446
2.122284678150433,2.5650486946105957
2.123959292578262,2.5650486946105957
0.7513052715504684,0.6412621736526489
1.185999986080973,1.9237865209579468
0.32936459629586157,0.0
0.25698241036983616,0.6412621736526489
0.1484244766585594,0.0
0.3395102995997823,0.6412621736526489
1.606492093345388,0.9301013946533203
1.6277036176487751,0.9301013946533203
0.5102898972387382,0.41447392106056213
0.7142478626955221,0.5156275033950806
0.2527856655782912,0.18194857239723206
0.13506797963749984,0.050576791167259216
0.1624441778201886,0.0
0.28677151340862217,0.23252534866333008
1.027097902908774,0.40091124176979065
0.9997969431382686,0.40091124176979065
0.5102898972387382,0.20045562088489532
0.5692613396035546,0.20045562088489532
0.2893033157110405,0.10022781044244766
0.15437208171408567,0.0
0.12478527751106183,0.0
0.17704366973026375,0.10022781044244766
2.9378810906548134,3.3514552116394043
2.9490134829517167,3.3514552116394043
1.0458781427199817,0.8378638029098511
1.7131775332459447,2.5135915279388428
0.4164981160112957,0.0
0.3685319627255699,0.8378638029098511
0.11330090912177293,0.0
0.6118644380131653,0.8378638029098511
2.524495947858452,2.4105918407440186
2.5223049657226913,2.4105918407440186
0.9691451424825596,1.2052959203720093
1.445192689622241,1.2052959203720093
0.4281574758969007,0.6026479601860046
0.2702393462040973,0.0
0.17392549958522485,0.0
0.4384102403918806,0.6026479601860046
0.87706844412733,0.0938122570514679
0.8769293399001836,0.0938122570514679
0.5298852645392358,0.04690612852573395
0.5137410620811378,0.04690612852573395
0.2683514752177669,0.023453064262866974
0.21104280791544805,0.0
0.11690769166443205,0.0
0.15504183688729878,0.023453064262866974
2.724239101351516,2.2053840160369873
2.7361386027225683,2.2053840160369873
1.038785488078321,1.1026920080184937
1.7642709106107302,1.1026920080184937
0.41090700827388593,0.5513460040092468
0.3403599602143992,0.0
0.15127538854653966,0.0
0.6865198955872875,0.5513460040092468
5.1268822191391985,0.7381666898727417
5.1200023950419435,0.7381666898727417
1.795122169628552,0.09337251633405685
3.061201429303459,0.6447941660881042
0.7033424171181717,0.0
0.5029623093411484,0.09337251633405685
0.13374756382516173,0.36467665433883667
1.1124987808590894,0.09337251633405685
4.276310183094665,3.921635150909424
4.297593221912029,3.921635150909424
1.4045740562974076,0.980408787727356
2.662752254480487,2.9412262439727783
0.49199447987517275,0.0
0.5102898972387382,0.980408787727356
0.11751284271845108,0.0
0.9733800428517214,0.980408787727356
4.627557906882421,4.840898513793945
4.624497795502199,4.840898513793945
1.4825848268538655,1.831520676612854
2.702993972604874,3.0093777179718018
0.6500218184801052,0.6212960481643677
0.5102898972387382,0.5889285206794739
0.11517986128450275,0.0
0.959762096926046,1.2102246284484863
1.4826914393435537,1.4930590391159058
1.5050368023971792,1.4930590391159058
0.6253766221661843,0.4829605519771576
0.9750164558652524,1.0100984573364258
0.24555184550627507,0.10969579964876175
0.3032560008102305,0.2635689675807953
0.10812352743679732,0.0
0.31465842783038633,0.37326475977897644
0.7778481478938004,0.712693452835083
0.7812557718270018,0.712693452835083
0.5102898972387382,0.17817336320877075
0.4253261090018421,0.5345200896263123
0.2728327485423705,0.0
0.11250644672530097,0.17817336320877075
0.10270764305487834,0.0
0.0982606483404398,0.17817336320877075
1.2843906646954153,1.377793788909912
1.2834023415058076,1.377793788909912
0.6264376213489096,0.688896894454956
0.76423009272136,0.688896894454956
0.2647343563394635,0.344448447227478
0.26806681046204495,0.0
0.11779922712820912,0.0
0.21305978411923787,0.344448447227478
1.2474834102173136,1.0720994472503662
1.2722815593557093,1.0720994472503662
0.808511447905718,0.29721349477767944
0.4559843650410085,0.7748859524726868
0.18745853151783276,0.029188623651862144
0.10438787397637195,0.23883622884750366
0.10837620565805883,0.0
0.24836164616842082,0.26802486181259155
1.6950124283228716,1.5919828414916992
1.6949801315210118,1.5919828414916992
0.6455980575789477,0.7959914207458496
0.957873987098352,0.7959914207458496
0.28114029694007825,0.3979957103729248
0.2649384672259729,0.0
0.12793028002001083,0.0
0.24746595347819778,0.3979957103729248
1.0203866717298917,1.0562366247177124
1.0429012425958848,1.0562366247177124
0.5102898972387382,0.5281183123588562
0.5811465920365886,0.5281183123588562
0.27204456373291475,0.2640591561794281
0.1450967077399592,0.0
0.11080836788167336,0.0
0.18179785300362017,0.2640591561794281
1.1903894396413026,1.1948192119598389
1.1914325359906983,1.1948192119598389
0.6031318416748692,0.2987048029899597
0.6988787905312228,0.8961144089698792
0.2673923766283328,0.0
0.25771077329518666,0.2987048029899597
0.11961247016398335,0.0
0.18776630698039076,0.2987048029899597
1.1320364493935084,0.4784106910228729
1.132648278424027,0.4784106910228729
0.5502970688785407,0.11960267275571823
0.6396164253194945,0.3588080108165741
0.2559667386127715,0.0
0.2422507318705982,0.11960267275571823
0.11147398781771334,0.0
0.18198528157235794,0.11960267275571823
2.4365520546830473,1.6900675296783447
2.4794869205576773,1.6900675296783447
0.8379885232036545,0.4225168824195862
1.5376050792667393,1.2675507068634033
0.26538379734229145,0.0
0.40832417061311066,0.4225168824195862
0.1067344362764635,0.0
0.483637486199866,0.4225168824195862
1.8379212570732577,1.0031354427337646
1.8224378816404014,1.0031354427337646
0.6160273520877169,0.5015677213668823
1.0313405641225244,0.5015677213668823
0.2969309463085823,0.25078386068344116
0.28120634372675024,0.0
0.1049281235434214,0.0
0.31055132833882615,0.25078386068344116
4.352195617802151,1.9935688972473145
4.350408233130729,1.9935688972473145
1.6160585866538928,0.4983922243118286
2.7921983253716873,1.4951766729354858
0.526802877817955,0.0
0.5102898972387382,0.4983922243118286
0.13081362028628907,0.0
1.003740792657716,0.4983922243118286
1.5400326299983058,0.8877285718917847
1.5374358770892111,0.8877285718917847
0.5359792385344826,0.44386428594589233
0.801018082743685,0.44386428594589233
0.292377366985217,0.22193214297294617
0.20447628637365822,0.0
0.1122975756407587,0.0
0.22651128563253264,0.22193214297294617
0.6634137885858482,0.8941565752029419
0.6648457454076258,0.8941565752029419
0.5102898972387382,0.44707828760147095
0.42437333517501297,0.44707828760147095
0.2592060221987975,0.22353914380073547
0.138450200351792,0.0
0.10595578132794636,0.0
0.14077711641737367,0.22353914380073547
2.3671174598268636,2.880990743637085
2.3674334725771002,2.880990743637085
0.8108373394531007,1.4404953718185425
1.30938539566553,1.4404953718185425
0.321981431871162,0.7202476859092712
0.3076651890210047,0.0
0.13072485109533583,0.0
0.402728882375639,0.7202476859092712
4.209150301001339,3.839776039123535
4.206544500362069,3.839776039123535
1.5801233962593173,1.8786100149154663
2.5424714994400595,1.9611661434173584
0.5712089023498683,0.9186659455299377
0.4878340209358967,0.04127810522913933
0.14637510069622506,0.0
0.9145396906689871,0.9599440097808838
2.461012101137751,2.279175043106079
2.4655790663349366,2.279175043106079
1.021250772044917,1.1395875215530396
1.4149750544077375,1.1395875215530396
0.46003969751756246,0.5697937607765198
0.2640510951294006,0.0
0.16349302155131218,0.0
0.4450510076079286,0.5697937607765198
1.1172528482396182,0.44160059094429016
1.1188600589960838,0.44160059094429016
0.5675142135392248,0.22080029547214508
0.6033934944832366,0.22080029547214508
0.25489111667166053,0.11040014773607254
0.2159963631937909,0.0
0.11402451994547569,0.0
0.1486784269795718,0.11040014773607254
3.1377450202978467,1.248593807220459
3.1420693732862013,1.248593807220459
1.0715796208364543,0.31214845180511475
2.1659959874461587,0.9364453554153442
0.31449030401817724,0.0
0.5102898972387382,0.31214845180511475
0.10405894407601157,0.0
0.6509153266467602,0.31214845180511475
1.70552716384137,1.3475260734558105
1.703256553474676,1.3475260734558105
0.5815250273507917,0.41855669021606445
0.9315538937085311,0.9289693832397461
0.30519816697415014,0.08167516440153122
0.20465825431743,0.2552063465118408
0.12303571504527744,0.0
0.2920969427844975,0.33688151836395264
0.7002757532201092,0.20973911881446838
0.7014460358723594,0.20973911881446838
0.5102898972387382,0.10486955940723419
0.43006743947974013,0.10486955940723419
0.2672079179361997,0.052434779703617096
0.13700321798333182,0.0
0.1010007275885818,0.0
0.12658112156168566,0.052434779703617096
2.093450838295782,2.7234368324279785
2.091513689791745,2.7234368324279785
0.7528755696294186,0.6808592081069946
1.2511427538693876,2.0425775051116943
0.2916344140440219,0.0
0.3217378714552317,0.6808592081069946
0.1246782922423102,0.0
0.36876947805878646,0.6808592081069946
2.54443717165657,1.650161623954773
2.542930029268258,1.650161623954773
0.9265660552669186,0.8250808119773865
1.4228536029298067,0.8250808119773865
0.3567999561573827,0.41254040598869324
0.31420652906875457,0.0
0.15165220951365277,0.0
0.443019025522281,0.41254040598869324
